,originAttributes,originKey,scope,key,value
0,,moc.xoferif.stnuocca.:https:443,moc.xoferif.stnuocca.:https:443,_st,1
1,,moc.xoferif.stnuocca.:https:443,moc.xoferif.stnuocca.:https:443,__fxa_storage.uniqueUserId,"""72f63ed4-09b6-4664-b6ac-5e2205726360"""
2,,moc.xov.www.:https:443,moc.xov.www.:https:443,chorus-imgs-v1,"{""webp"":false}"
3,,moc.aidemxov.2hpargonohp.:https:443,moc.aidemxov.2hpargonohp.:https:443,_vm_uid,4f042b41-d912-4fd7-9be0-0af6a5b93477
4,,moc.xov.www.:https:443,moc.xov.www.:https:443,kxvoxmedia_kuid,MHyxxBct
5,,moc.xov.www.:https:443,moc.xov.www.:https:443,kxvoxmedia_user,s6li7ywfz
6,,moc.xov.www.:https:443,moc.xov.www.:https:443,_cb,qGgFTD6DmnxCx6BSt
7,,moc.xov.www.:https:443,moc.xov.www.:https:443,_cb_svref,null
8,,moc.xov.www.:https:443,moc.xov.www.:https:443,apstagCfg,"{""v"":1,""CHUNK_BID_REQUESTS_PROPORTION"":50}"
9,,moc.xov.www.:https:443,moc.xov.www.:https:443,kxvoxmedia_visits,2
10,,moc.xov.www.:https:443,moc.xov.www.:https:443,_kxvoxmedia_whistle,1548673546893
11,,moc.xov.www.:https:443,moc.xov.www.:https:443,_SUPERFLY_lockout_expires,1533122142859
12,,moc.xov.www.:https:443,moc.xov.www.:https:443,_kxvoxmedia_kuid,1548673547104
13,,moc.xov.www.:https:443,moc.xov.www.:https:443,_chartbeat2_expires,1567249546699
14,,moc.xov.www.:https:443,moc.xov.www.:https:443,_chartbeat4_expires,1533121604887
15,,moc.xov.www.:https:443,moc.xov.www.:https:443,kxvoxmedia_whistle,0
16,,moc.xov.www.:https:443,moc.xov.www.:https:443,_cb_svref_expires,1533123346703
17,,moc.xov.www.:https:443,moc.xov.www.:https:443,_cb_expires,1567249546699
18,,moc.xov.www.:https:443,moc.xov.www.:https:443,_kxvoxmedia_user,1548673547104
19,,moc.xov.www.:https:443,moc.xov.www.:https:443,_SUPERFLY_lockout,1
20,,moc.xov.www.:https:443,moc.xov.www.:https:443,_kxvoxmedia_visits,1533164400001
21,,moc.xov.www.:https:443,moc.xov.www.:https:443,_chartbeat4,t=LgDEJBEpgt8C7kqF0CvrJTrCFwV-v&E=9&x=0&c=5.89&y=8742&w=646
22,,moc.xov.www.:https:443,moc.xov.www.:https:443,_chartbeat2,.1533121191522.1533121546698.1.1Z6bCSB_s4D-QsgfBIveUDDXmxr9.2
23,,moc.xov.www.:https:443,moc.xov.www.:https:443,OB-USER-TOKEN,c6c8484c-4979-4327-9eac-48e5182d266e
24,,moc.niarbtuo.stegdiw.:https:443,moc.niarbtuo.stegdiw.:https:443,OB-RTT,CWK
25,,moc.xov.www.:https:443,moc.xov.www.:https:443,OB-AD-BLOCKER-STAT,false
